Num_Acc,senc,catv,occutc,obs,obsm,choc,manv,num_veh
200900016972,0,33,0,0.0,2.0,7.0,17.0,A01
200900023370,0,7,0,0.0,0.0,3.0,24.0,B02
200900011876,0,7,0,4.0,0.0,3.0,2.0,A01
200900005546,0,7,0,0.0,2.0,2.0,1.0,C01
200900054729,0,30,0,0.0,0.0,7.0,1.0,A01
200900011195,0,10,0,0.0,0.0,1.0,1.0,B02
200900065015,0,7,0,0.0,2.0,1.0,15.0,A01
200900057877,0,7,0,0.0,1.0,2.0,12.0,A01
200900044006,0,7,0,0.0,2.0,7.0,14.0,A01
200900027021,0,10,0,0.0,1.0,4.0,4.0,A01
200900007734,0,1,0,0.0,2.0,3.0,13.0,A01
200900069740,0,7,0,0.0,0.0,8.0,19.0,A01
200900023643,0,7,0,0.0,2.0,6.0,11.0,B01
200900036121,0,7,0,0.0,2.0,4.0,23.0,B01
200900062987,0,7,0,0.0,2.0,3.0,1.0,B02
200900033392,0,7,0,0.0,0.0,1.0,1.0,A01
200900023065,0,21,0,0.0,2.0,5.0,15.0,A01
200900055832,0,7,0,0.0,2.0,1.0,9.0,A01
200900003731,0,7,0,0.0,0.0,1.0,14.0,A01
200900014101,0,2,0,0.0,2.0,7.0,15.0,A01
200900028557,0,33,0,0.0,0.0,1.0,17.0,B02
200900021441,0,32,0,14.0,0.0,8.0,1.0,A01
200900040554,0,7,0,0.0,2.0,7.0,15.0,A01
200900014805,0,7,0,0.0,2.0,4.0,0.0,B01
200900039412,0,33,0,13.0,0.0,1.0,1.0,A01
200900056167,0,7,0,0.0,2.0,1.0,21.0,A01
200900007045,0,1,0,0.0,2.0,1.0,1.0,B01
200900061228,0,33,0,0.0,2.0,1.0,1.0,B01
200900024933,0,31,0,0.0,2.0,1.0,2.0,A01
200900025634,0,7,0,0.0,2.0,3.0,16.0,C03
200900022130,0,7,0,0.0,2.0,8.0,1.0,B01
200900063257,0,7,0,0.0,2.0,7.0,15.0,A01
200900027680,0,10,0,0.0,1.0,1.0,15.0,A01
200900025731,0,7,0,0.0,2.0,1.0,10.0,A01
200900003432,0,7,0,13.0,0.0,1.0,14.0,A01
200900011577,0,33,0,0.0,2.0,8.0,1.0,A01
200900011648,0,7,0,2.0,0.0,1.0,1.0,A01
200900038727,0,7,0,0.0,2.0,0.0,0.0,A01
200900056616,0,7,0,0.0,2.0,7.0,1.0,B01
200900028658,0,7,0,3.0,0.0,9.0,0.0,A01
200900059605,0,30,0,0.0,1.0,1.0,1.0,A01
200900054411,0,7,0,0.0,1.0,1.0,1.0,A01
200900035295,0,7,0,6.0,2.0,2.0,1.0,A01
200900054890,0,7,0,0.0,2.0,2.0,1.0,A01
200900002980,0,7,0,0.0,2.0,3.0,23.0,B01
200900059630,0,10,0,0.0,2.0,3.0,1.0,B02
200900068612,0,10,0,6.0,2.0,2.0,1.0,B01
200900052058,0,10,0,6.0,0.0,2.0,1.0,A01
200900035002,0,7,0,0.0,2.0,1.0,1.0,A01
200900053264,0,1,0,0.0,2.0,7.0,19.0,B01
200900072284,0,33,0,0.0,2.0,8.0,1.0,B01
200900054450,0,15,0,0.0,2.0,1.0,2.0,A01
200900000149,0,7,0,0.0,2.0,5.0,12.0,A01
200900035275,0,2,0,0.0,2.0,1.0,1.0,B01
200900008189,0,30,0,0.0,0.0,1.0,1.0,A01
200900010378,0,7,0,0.0,2.0,1.0,1.0,A01
200900064245,0,7,0,15.0,0.0,3.0,13.0,A01
200900011337,0,38,12,0.0,2.0,6.0,19.0,B02
200900049789,0,33,0,13.0,0.0,2.0,1.0,A01
200900035128,0,7,0,13.0,0.0,3.0,1.0,A01
200900008766,0,33,0,0.0,0.0,7.0,16.0,A01
200900024245,0,7,0,0.0,2.0,2.0,15.0,A01
200900069056,0,7,0,12.0,2.0,3.0,0.0,A01
200900013821,0,17,0,2.0,0.0,1.0,13.0,A01
200900025087,0,7,0,0.0,2.0,1.0,15.0,A01
200900062923,0,7,0,3.0,0.0,1.0,14.0,A01
200900016528,0,7,0,0.0,2.0,1.0,13.0,A01
200900040078,0,7,0,0.0,2.0,1.0,1.0,A01
200900034379,0,33,0,0.0,2.0,1.0,2.0,A01
200900050690,0,7,0,0.0,0.0,4.0,23.0,B02
200900019639,0,10,0,0.0,1.0,2.0,1.0,A01
200900053217,0,2,0,0.0,2.0,1.0,18.0,A01
200900007772,0,7,0,6.0,0.0,1.0,1.0,A01
200900068575,0,7,0,0.0,2.0,2.0,1.0,A01
200900000085,0,7,0,0.0,1.0,1.0,15.0,A01
200900011403,0,7,0,0.0,2.0,8.0,22.0,A01
200900069003,0,33,0,0.0,0.0,4.0,9.0,B01
200900004534,0,7,0,2.0,0.0,1.0,1.0,A01
200900067850,0,7,0,0.0,2.0,6.0,9.0,A01
200900056148,0,99,0,16.0,0.0,8.0,1.0,A01
200900042115,0,14,0,0.0,2.0,3.0,1.0,B01
200900019944,0,10,0,0.0,2.0,1.0,2.0,A01
200900046444,0,33,0,0.0,2.0,1.0,17.0,A01
200900074194,0,31,0,0.0,2.0,1.0,19.0,B02
200900005363,0,7,0,0.0,2.0,2.0,15.0,A01
200900062376,0,1,0,0.0,2.0,8.0,1.0,B01
200900043923,0,7,0,0.0,2.0,7.0,12.0,A01
200900043937,0,1,0,0.0,0.0,1.0,0.0,A01
200900011832,0,7,0,0.0,0.0,4.0,1.0,C01
200900032848,0,31,0,0.0,2.0,8.0,18.0,A01
200900035443,0,7,0,0.0,2.0,2.0,1.0,A01
200900063461,0,7,0,1.0,0.0,1.0,1.0,A01
200900046381,0,7,0,0.0,1.0,2.0,16.0,A01
200900034026,0,7,0,0.0,2.0,1.0,2.0,A01
200900011755,0,7,0,14.0,0.0,1.0,1.0,A01
200900058088,0,7,0,0.0,2.0,3.0,9.0,A01
200900014741,0,7,0,15.0,0.0,2.0,1.0,A01
200900036826,0,7,0,0.0,1.0,2.0,1.0,A01
200900058104,0,7,0,0.0,2.0,6.0,1.0,A01
200900035199,0,2,0,0.0,2.0,2.0,1.0,B01
200900053688,0,7,0,0.0,2.0,8.0,2.0,C01
200900028635,0,37,1,0.0,2.0,3.0,21.0,A01
200900063248,0,33,0,0.0,2.0,6.0,15.0,B01
200900011138,0,7,0,0.0,1.0,3.0,16.0,A01
200900066611,0,7,0,0.0,0.0,4.0,2.0,B02
200900040374,0,7,0,0.0,2.0,3.0,5.0,A01
200900030135,0,7,0,0.0,2.0,1.0,16.0,A01
200900017429,0,32,0,0.0,2.0,7.0,17.0,B01
200900057491,0,14,0,0.0,2.0,3.0,1.0,B02
200900053919,0,7,0,0.0,2.0,4.0,4.0,A01
200900009622,0,7,0,0.0,2.0,2.0,1.0,B02
200900043212,0,7,0,0.0,2.0,3.0,1.0,B01
200900007167,0,7,0,0.0,1.0,1.0,1.0,A01
200900056849,0,2,0,1.0,2.0,1.0,5.0,A01
200900022138,0,7,0,0.0,2.0,7.0,9.0,A01
200900029530,0,7,0,0.0,2.0,3.0,1.0,A01
200900032545,0,32,0,0.0,2.0,3.0,2.0,B01
200900005583,0,31,0,0.0,0.0,8.0,1.0,A01
200900063012,0,1,0,0.0,2.0,3.0,1.0,B01
200900010908,0,7,0,0.0,2.0,5.0,1.0,A01
200900049344,0,7,0,0.0,2.0,5.0,16.0,A01
200900009330,0,32,0,1.0,2.0,1.0,1.0,B01
200900031939,0,10,0,0.0,2.0,4.0,1.0,E01
200900033356,0,7,0,0.0,2.0,2.0,12.0,A01
200900053221,0,7,0,2.0,0.0,2.0,1.0,A01
200900003210,0,31,0,0.0,2.0,7.0,2.0,B01
200900020592,0,7,0,0.0,2.0,3.0,13.0,A01
200900002268,0,7,0,10.0,0.0,8.0,1.0,A01
200900028175,0,7,0,4.0,2.0,2.0,11.0,A01
200900039720,0,7,0,1.0,2.0,7.0,1.0,A01
200900072050,0,7,0,0.0,2.0,4.0,2.0,B01
200900038435,0,33,0,0.0,2.0,1.0,21.0,A01
200900024872,0,7,0,0.0,2.0,0.0,9.0,A01
200900016355,1,7,0,0.0,2.0,1.0,1.0,A01
200900066510,0,1,0,0.0,2.0,7.0,1.0,B01
200900029965,0,7,0,0.0,2.0,1.0,1.0,B02
200900035830,0,7,0,13.0,0.0,3.0,1.0,A01
200900034975,0,1,0,0.0,1.0,2.0,1.0,A01
200900035314,0,7,0,0.0,2.0,1.0,1.0,A01
200900063108,0,7,0,0.0,2.0,1.0,0.0,A01
200900066514,0,7,0,0.0,2.0,8.0,15.0,B01
200900042180,0,7,0,0.0,2.0,4.0,1.0,B01
200900044773,0,33,0,0.0,0.0,1.0,0.0,D01
200900068501,0,7,0,0.0,2.0,1.0,1.0,A01
200900058227,0,7,0,0.0,2.0,1.0,0.0,B01
200900007146,0,7,0,0.0,1.0,1.0,1.0,A01
200900029860,0,34,0,0.0,2.0,3.0,1.0,A01
200900045699,0,33,0,0.0,2.0,1.0,1.0,B02
200900031231,0,33,0,12.0,0.0,2.0,2.0,A01
200900048939,0,2,0,0.0,2.0,8.0,1.0,B01
200900065124,0,32,0,0.0,2.0,1.0,1.0,B01
200900027157,0,7,0,0.0,2.0,5.0,23.0,B01
200900055074,0,7,0,0.0,0.0,4.0,1.0,B01
200900056539,0,10,0,0.0,0.0,1.0,15.0,A01
200900008508,0,7,0,0.0,2.0,8.0,9.0,A01
200900040913,0,1,0,0.0,2.0,1.0,1.0,B01
200900069493,0,30,0,0.0,2.0,1.0,0.0,B01
200900000123,0,1,0,12.0,0.0,0.0,0.0,A01
200900068542,0,31,0,0.0,2.0,3.0,3.0,A01
200900042440,0,7,0,0.0,0.0,6.0,2.0,B01
200900010123,0,7,0,0.0,2.0,1.0,1.0,B01
200900025104,0,30,0,0.0,2.0,1.0,17.0,B01
200900050628,0,1,0,0.0,2.0,7.0,9.0,B01
200900052521,0,14,0,0.0,2.0,7.0,12.0,A01
200900051804,0,7,0,0.0,0.0,0.0,0.0,B01
200900068943,0,7,0,6.0,2.0,7.0,1.0,A01
200900012858,0,30,0,0.0,2.0,0.0,1.0,A01
200900050513,0,33,0,0.0,2.0,1.0,2.0,A01
200900008351,0,10,0,0.0,2.0,1.0,1.0,A01
200900021570,0,33,0,2.0,0.0,1.0,13.0,A01
200900018310,0,17,0,0.0,2.0,6.0,1.0,B02
200900072814,0,33,0,0.0,2.0,1.0,2.0,B01
200900033382,0,7,0,0.0,2.0,4.0,1.0,B01
200900004375,0,7,0,0.0,2.0,2.0,1.0,B01
200900051483,0,2,0,0.0,2.0,1.0,1.0,B01
200900013690,0,7,0,0.0,0.0,8.0,2.0,B01
200900027980,0,17,0,3.0,0.0,4.0,1.0,A01
200900043364,0,7,0,0.0,2.0,1.0,3.0,C01
200900001817,0,33,0,0.0,2.0,7.0,15.0,B01
200900010682,0,33,0,0.0,0.0,0.0,0.0,A01
200900049232,0,30,0,0.0,2.0,1.0,1.0,A01
200900071998,0,7,0,0.0,2.0,3.0,1.0,B02
200900020635,0,10,0,0.0,2.0,5.0,23.0,D01
200900020844,0,33,0,0.0,2.0,1.0,1.0,B01
200900002350,0,7,0,13.0,0.0,2.0,14.0,A01
200900036420,0,7,0,0.0,2.0,1.0,1.0,B01
200900013485,0,30,0,0.0,2.0,1.0,1.0,B01
200900038742,0,7,0,5.0,0.0,2.0,13.0,A01
200900013000,0,7,0,0.0,2.0,1.0,2.0,B01
200900016041,0,1,0,0.0,2.0,5.0,1.0,A01
200900040810,0,7,0,0.0,2.0,2.0,1.0,B01
200900002587,0,31,0,0.0,2.0,5.0,0.0,B01
200900014272,0,7,0,0.0,2.0,8.0,2.0,A01
200900042974,0,7,0,3.0,0.0,1.0,2.0,A01
200900055604,0,7,0,0.0,0.0,4.0,2.0,C01
200900025077,0,1,0,0.0,2.0,1.0,1.0,B01
200900058016,0,7,0,0.0,2.0,1.0,2.0,B01
200900004269,0,7,0,0.0,2.0,1.0,2.0,B01
200900033863,0,33,0,0.0,0.0,0.0,17.0,A01
200900074287,0,2,0,0.0,2.0,4.0,23.0,B02
200900041659,0,33,0,0.0,2.0,3.0,1.0,B02
200900052959,0,33,0,12.0,2.0,2.0,0.0,A01
200900039687,0,10,0,0.0,2.0,1.0,17.0,A01
200900052164,0,7,0,0.0,0.0,0.0,0.0,A01
200900032238,0,7,0,0.0,2.0,7.0,1.0,A01
200900053166,0,30,0,0.0,2.0,2.0,17.0,A01
200900025226,0,7,0,0.0,2.0,3.0,15.0,A01
200900016291,0,7,0,0.0,0.0,4.0,2.0,B01
200900021076,0,1,0,0.0,2.0,8.0,1.0,B02
200900017007,0,7,0,0.0,2.0,1.0,1.0,B02
200900007184,0,7,0,0.0,1.0,0.0,1.0,A01
200900072774,0,7,0,0.0,9.0,2.0,1.0,A01
200900071368,0,7,0,0.0,1.0,5.0,4.0,A01
200900058557,0,7,0,13.0,0.0,1.0,0.0,A01
200900074447,0,7,0,0.0,2.0,6.0,1.0,B01
200900012947,0,7,0,0.0,0.0,0.0,0.0,A01
200900050472,0,7,0,0.0,2.0,8.0,15.0,B02
200900036585,0,7,0,8.0,2.0,9.0,1.0,B01
200900014750,0,33,0,14.0,0.0,1.0,1.0,A01
200900006606,0,7,0,13.0,0.0,9.0,14.0,A01
200900034826,0,2,0,0.0,2.0,7.0,1.0,B01
200900003069,0,7,0,0.0,2.0,6.0,15.0,A01
200900036675,0,10,0,0.0,2.0,1.0,2.0,A01
200900040353,0,7,0,0.0,2.0,1.0,1.0,A01
200900026697,0,7,0,0.0,1.0,2.0,1.0,A01
200900031235,0,33,0,0.0,2.0,2.0,1.0,B01
200900049435,0,7,0,0.0,2.0,1.0,2.0,C03
200900005356,0,7,0,0.0,2.0,1.0,0.0,A01
200900069496,0,32,0,0.0,0.0,0.0,0.0,B01
200900070763,0,7,0,0.0,1.0,2.0,1.0,A01
200900048629,0,30,0,0.0,2.0,1.0,2.0,B01
200900034155,0,7,0,0.0,1.0,1.0,15.0,A01
200900010334,0,10,0,0.0,2.0,8.0,1.0,A01
200900004451,0,7,0,0.0,2.0,8.0,10.0,B01
200900021059,0,7,0,5.0,2.0,3.0,13.0,A01
200900073658,0,7,0,0.0,2.0,2.0,1.0,A01
200900026528,0,7,0,3.0,0.0,9.0,17.0,A01
200900013258,0,7,0,0.0,0.0,8.0,1.0,D04
200900021352,0,7,0,0.0,1.0,2.0,2.0,A01
200900025592,0,7,0,2.0,0.0,0.0,1.0,A01
200900012337,0,32,0,0.0,2.0,1.0,1.0,A01
200900027443,0,7,0,0.0,2.0,1.0,1.0,A01
200900000966,0,32,0,0.0,0.0,7.0,16.0,A01
200900069394,0,33,0,0.0,2.0,8.0,0.0,B01
200900065769,0,7,0,0.0,1.0,3.0,14.0,A01
200900012952,0,10,0,0.0,1.0,5.0,1.0,B02
200900029345,0,7,0,0.0,2.0,8.0,1.0,A01
200900014275,0,1,0,0.0,2.0,8.0,15.0,B02
200900008449,0,7,0,0.0,2.0,1.0,1.0,A01
200900022970,0,33,0,0.0,2.0,1.0,1.0,A01
200900006705,0,33,0,0.0,2.0,1.0,1.0,B01
200900025732,0,7,0,0.0,2.0,1.0,1.0,B02
200900060071,0,7,0,15.0,0.0,1.0,1.0,A01
200900062916,0,7,0,0.0,0.0,4.0,2.0,B01
200900057179,0,7,0,0.0,2.0,3.0,0.0,B01
200900019733,0,1,0,0.0,2.0,1.0,1.0,A01
200900072788,0,7,0,0.0,2.0,1.0,1.0,B01
200900049888,0,2,0,0.0,2.0,1.0,17.0,B01
200900026609,0,7,0,4.0,0.0,2.0,1.0,A01
200900015028,0,7,0,0.0,2.0,8.0,15.0,B02
200900011121,0,7,0,0.0,2.0,6.0,15.0,A01
200900048423,0,2,0,0.0,2.0,1.0,1.0,B01
200900009023,0,7,0,0.0,2.0,2.0,1.0,B01
200900073866,0,7,0,0.0,2.0,3.0,15.0,A01
200900038461,0,7,0,0.0,2.0,0.0,15.0,B01
200900025123,0,7,0,0.0,2.0,4.0,1.0,B02
200900000346,0,7,0,0.0,2.0,7.0,1.0,B01
200900016038,0,7,0,8.0,0.0,3.0,21.0,A01
200900044135,0,30,0,0.0,2.0,3.0,9.0,A01
200900037746,0,33,0,0.0,2.0,1.0,13.0,A01
200900021160,0,7,0,1.0,2.0,9.0,1.0,A01
200900016003,0,7,0,0.0,2.0,0.0,15.0,A01
200900069812,0,7,0,0.0,1.0,1.0,1.0,A01
200900013562,0,33,0,7.0,0.0,1.0,1.0,A01
200900038976,0,7,0,0.0,2.0,3.0,1.0,B02
200900067929,0,7,0,0.0,2.0,3.0,1.0,A01
200900045060,0,33,0,0.0,2.0,2.0,1.0,B01
200900002052,0,30,0,0.0,2.0,8.0,1.0,B01
200900020436,0,1,0,0.0,2.0,8.0,1.0,A01
200900027064,0,33,0,0.0,2.0,1.0,1.0,A01
200900041849,0,7,0,0.0,0.0,1.0,1.0,A01
200900067385,0,2,0,0.0,2.0,1.0,1.0,A01
200900006298,0,7,0,0.0,2.0,8.0,19.0,A01
200900071849,0,2,0,0.0,2.0,6.0,1.0,B01
200900063194,0,7,0,0.0,1.0,1.0,1.0,A01
200900022890,0,10,0,0.0,2.0,1.0,2.0,A01
200900019529,0,7,0,0.0,2.0,3.0,15.0,B02
200900034359,0,7,0,14.0,0.0,1.0,2.0,A01
200900038006,0,7,0,0.0,2.0,6.0,23.0,C01
200900055813,0,7,0,0.0,2.0,8.0,2.0,B02
200900034723,0,7,0,13.0,0.0,2.0,14.0,A01
200900040210,0,7,0,0.0,2.0,1.0,1.0,A01
200900012177,0,33,0,0.0,0.0,7.0,1.0,A01
200900043189,0,31,0,0.0,2.0,2.0,17.0,B01
200900057225,0,7,0,0.0,2.0,1.0,1.0,A01
200900022485,0,10,0,0.0,1.0,7.0,1.0,A01
200900004028,0,37,5,0.0,2.0,3.0,1.0,B01
200900046268,0,7,0,0.0,2.0,3.0,15.0,A01
200900006604,0,17,0,0.0,1.0,4.0,0.0,A01
200900016582,0,7,0,6.0,2.0,8.0,19.0,A01
200900023092,0,7,0,0.0,2.0,5.0,12.0,B01
200900024287,0,1,0,0.0,2.0,7.0,1.0,B01
200900007324,0,7,0,0.0,2.0,1.0,1.0,A01
200900013300,0,7,0,0.0,0.0,3.0,16.0,A01
200900003601,0,33,0,0.0,2.0,1.0,1.0,B01
200900038996,0,33,0,10.0,0.0,7.0,1.0,A01
200900032904,0,34,0,0.0,2.0,1.0,15.0,A01
200900051143,0,7,0,0.0,1.0,0.0,2.0,A01
200900064029,0,7,0,0.0,2.0,8.0,15.0,B01
200900056831,0,10,0,0.0,2.0,1.0,1.0,C01
200900071062,0,7,0,4.0,0.0,2.0,1.0,A01
200900013690,0,7,0,4.0,2.0,1.0,2.0,A01
200900071123,0,30,0,0.0,2.0,1.0,2.0,A01
200900018461,0,7,0,0.0,1.0,0.0,1.0,A01
200900031209,0,33,0,0.0,2.0,4.0,2.0,C01
200900001213,0,7,0,0.0,2.0,3.0,15.0,A01
200900017551,0,10,0,0.0,2.0,3.0,13.0,A01
200900000174,0,33,0,0.0,2.0,2.0,1.0,A01
200900072110,0,15,0,0.0,2.0,2.0,12.0,B01
200900067333,0,21,0,0.0,2.0,5.0,1.0,B02
200900046878,0,7,0,0.0,2.0,1.0,1.0,A01
200900047869,0,7,0,0.0,2.0,3.0,9.0,A01
200900028435,0,7,0,,2.0,1.0,2.0,C03
200900003795,0,30,0,0.0,2.0,1.0,1.0,B01
200900035142,0,2,0,0.0,2.0,1.0,0.0,B01
200900066132,0,10,0,12.0,0.0,2.0,2.0,A01
200900011083,0,7,0,0.0,2.0,4.0,2.0,B01
200900003718,0,7,0,2.0,2.0,6.0,17.0,A01
200900059174,0,7,0,3.0,0.0,2.0,1.0,A01
200900057421,0,31,0,0.0,2.0,4.0,9.0,B01
200900068609,0,7,0,4.0,0.0,3.0,0.0,A01
200900056022,0,7,0,0.0,2.0,4.0,2.0,B01
200900068803,0,10,0,0.0,1.0,3.0,2.0,A01