Num_Acc,senc,catv,occutc,obs,obsm,choc,manv,num_veh
200900065799,0,7,0,0.0,2.0,2.0,15.0,A01
200900020433,0,7,0,0.0,2.0,7.0,1.0,B01
200900070496,0,7,0,0.0,2.0,3.0,1.0,B01
200900004132,0,7,0,0.0,2.0,3.0,23.0,A01
200900039829,0,7,0,0.0,2.0,1.0,1.0,A01
200900017179,0,7,0,0.0,2.0,2.0,0.0,A01
200900062762,0,7,0,0.0,2.0,3.0,13.0,B02
200900006470,0,7,0,0.0,2.0,6.0,1.0,B01
200900003420,0,7,0,0.0,2.0,1.0,2.0,A01
200900060443,0,1,0,0.0,2.0,1.0,1.0,A01
200900071156,0,30,0,15.0,0.0,2.0,14.0,A01
200900040276,0,7,0,0.0,2.0,1.0,0.0,A01
200900039380,0,7,0,2.0,0.0,1.0,1.0,A01
200900000508,0,2,0,0.0,2.0,4.0,16.0,B01
200900062872,0,7,0,0.0,2.0,2.0,1.0,B02
200900022992,1,99,0,0.0,1.0,0.0,0.0,A01
200900046048,0,7,0,6.0,2.0,9.0,1.0,A01
200900063894,0,7,0,0.0,2.0,2.0,2.0,A01
200900064636,0,7,0,0.0,9.0,5.0,16.0,B01
200900058286,0,34,0,0.0,2.0,1.0,2.0,B01
200900029099,0,7,0,0.0,2.0,1.0,2.0,B01
200900054299,0,7,0,0.0,0.0,4.0,15.0,B01
200900045986,0,10,0,0.0,2.0,1.0,1.0,B02
200900073494,1,7,0,0.0,0.0,0.0,0.0,A01
200900041322,0,31,0,0.0,0.0,0.0,0.0,A01
200900053946,0,10,0,0.0,2.0,1.0,2.0,A01
200900029297,0,7,0,0.0,0.0,4.0,2.0,B01
200900020216,0,7,0,0.0,0.0,7.0,19.0,A01
200900039632,0,7,0,0.0,2.0,6.0,1.0,B02
200900054097,1,30,0,0.0,1.0,1.0,17.0,A01
200900041568,0,2,0,1.0,2.0,1.0,1.0,A01
200900039616,0,2,0,0.0,2.0,1.0,2.0,B02
200900032443,0,30,0,0.0,2.0,1.0,1.0,B01
200900071877,0,33,0,0.0,0.0,1.0,14.0,A01
200900056597,0,7,0,0.0,2.0,1.0,1.0,A01
200900017417,0,30,0,0.0,2.0,3.0,23.0,A01
200900071023,0,30,0,0.0,1.0,1.0,12.0,A01
200900014418,0,7,0,0.0,6.0,9.0,21.0,A01
200900061880,0,31,0,0.0,0.0,7.0,1.0,A01
200900001295,0,2,0,0.0,2.0,7.0,15.0,B01
200900060328,0,34,0,0.0,2.0,1.0,2.0,A01
200900034301,0,7,0,0.0,2.0,5.0,2.0,B01
200900017592,0,31,0,1.0,0.0,1.0,14.0,A01
200900038390,0,99,0,0.0,2.0,1.0,1.0,B02
200900017868,0,31,0,0.0,2.0,1.0,2.0,B01
200900062602,0,7,0,0.0,2.0,2.0,19.0,A01
200900041780,0,7,0,0.0,2.0,1.0,15.0,B02
200900051632,0,7,0,0.0,2.0,2.0,15.0,A01
200900018857,0,10,0,4.0,0.0,9.0,0.0,A01
200900021738,0,31,0,0.0,0.0,8.0,1.0,A01
200900065449,0,1,0,0.0,0.0,0.0,0.0,B01
200900005570,0,10,0,0.0,1.0,1.0,1.0,A01
200900067602,0,2,0,0.0,0.0,0.0,0.0,A01
200900020304,0,7,0,1.0,0.0,1.0,15.0,A01
200900057310,0,30,0,0.0,2.0,0.0,1.0,A01
200900074163,0,7,0,0.0,2.0,5.0,15.0,A01
200900019541,0,7,0,0.0,2.0,2.0,15.0,A01
200900030764,0,30,0,0.0,1.0,7.0,1.0,A01
200900072641,0,30,0,0.0,2.0,1.0,1.0,B01
200900074307,0,7,0,0.0,2.0,4.0,2.0,B01
200900001994,0,7,0,0.0,1.0,1.0,1.0,A01
200900060759,0,33,0,8.0,0.0,1.0,14.0,B01
200900065389,0,7,0,0.0,2.0,3.0,19.0,A01
200900072805,0,7,0,0.0,2.0,8.0,0.0,B01
200900030368,0,7,0,0.0,2.0,1.0,1.0,B02
200900064722,0,7,0,0.0,2.0,6.0,9.0,A01
200900062034,0,7,0,0.0,2.0,3.0,1.0,B01
200900023561,0,7,0,0.0,2.0,1.0,2.0,A01
200900042291,0,7,0,6.0,0.0,6.0,23.0,A01
200900065509,0,7,0,0.0,2.0,1.0,2.0,A01
200900003597,0,7,0,0.0,0.0,4.0,2.0,B01
200900041405,2,7,0,8.0,0.0,1.0,13.0,A01
200900074583,0,7,0,0.0,0.0,1.0,0.0,A01
200900072941,0,7,0,0.0,2.0,4.0,2.0,A01
200900065662,0,7,0,0.0,2.0,1.0,1.0,A01
200900064849,0,30,0,0.0,2.0,1.0,2.0,A01
200900022449,0,1,0,0.0,2.0,0.0,1.0,B01
200900003898,0,7,0,0.0,2.0,1.0,1.0,A01
200900064584,0,7,0,0.0,0.0,1.0,15.0,A01
200900000406,0,33,0,0.0,1.0,9.0,2.0,A01
200900048418,0,7,0,0.0,2.0,6.0,15.0,A01
200900001657,0,1,0,0.0,2.0,1.0,1.0,B01
200900004919,0,7,0,0.0,2.0,1.0,1.0,A01
200900024285,0,2,0,0.0,2.0,1.0,17.0,B01
200900069737,0,7,0,0.0,2.0,2.0,16.0,A01
200900052000,0,7,0,0.0,2.0,4.0,2.0,C01
200900002904,0,7,0,0.0,1.0,3.0,1.0,A01
200900054554,0,7,0,0.0,2.0,1.0,2.0,A01
200900013384,0,7,0,0.0,2.0,3.0,15.0,A01
200900001041,0,7,0,0.0,2.0,3.0,1.0,A01
200900016411,0,7,0,0.0,1.0,5.0,20.0,A01
200900065231,0,7,0,0.0,0.0,4.0,1.0,B01
200900038757,0,7,0,0.0,2.0,7.0,16.0,B01
200900071406,0,32,0,0.0,2.0,1.0,1.0,B01
200900025208,1,7,0,0.0,2.0,1.0,1.0,A01
200900030579,0,10,0,0.0,9.0,0.0,1.0,A01
200900036015,0,7,0,1.0,2.0,1.0,1.0,A01
200900036862,0,32,0,0.0,2.0,1.0,17.0,B01
200900055951,0,38,1,0.0,2.0,3.0,1.0,B02
200900006834,0,7,0,0.0,2.0,2.0,19.0,A01
200900034469,0,15,0,0.0,2.0,3.0,1.0,B02
200900044894,0,15,0,0.0,2.0,1.0,1.0,A01
200900073922,0,7,0,0.0,2.0,4.0,23.0,B01
200900005987,0,10,0,0.0,2.0,8.0,22.0,A01
200900012260,0,33,0,16.0,0.0,0.0,1.0,A01
200900027528,0,7,0,0.0,2.0,8.0,1.0,B01
200900064278,0,7,0,0.0,1.0,1.0,15.0,A01
200900056332,0,31,0,0.0,0.0,1.0,1.0,A01
200900052643,0,32,0,0.0,2.0,1.0,0.0,A01
200900007731,0,7,0,0.0,2.0,2.0,1.0,A01
200900035148,0,37,15,0.0,2.0,7.0,1.0,B01
200900028976,1,7,0,0.0,1.0,1.0,1.0,A01
200900036560,0,7,0,0.0,2.0,4.0,15.0,A01
200900020004,0,7,0,13.0,0.0,1.0,17.0,A01
200900001921,0,7,0,0.0,2.0,6.0,23.0,B01
200900063984,0,31,0,0.0,2.0,1.0,1.0,B01
200900059464,0,7,0,0.0,2.0,3.0,10.0,A01
200900030220,0,7,0,0.0,2.0,2.0,15.0,A01
200900030002,0,31,0,0.0,2.0,7.0,17.0,B01
200900018352,0,33,0,12.0,0.0,1.0,1.0,A01
200900052811,0,7,0,0.0,2.0,2.0,1.0,A01
200900033481,0,34,0,0.0,2.0,1.0,2.0,A01
200900019991,0,7,0,6.0,2.0,7.0,1.0,A01
200900052561,0,30,0,0.0,2.0,1.0,1.0,B01
200900054879,0,7,0,1.0,0.0,1.0,1.0,C01
200900039725,0,7,0,0.0,2.0,0.0,15.0,A01
200900005125,0,31,0,0.0,2.0,1.0,1.0,B01
200900055160,0,34,0,4.0,0.0,1.0,16.0,A01
200900022985,0,33,0,10.0,2.0,8.0,1.0,C03
200900068002,0,7,0,0.0,0.0,8.0,15.0,A01
200900023873,0,10,0,0.0,2.0,2.0,15.0,A01
200900061633,0,10,0,0.0,1.0,2.0,15.0,A01
200900020355,0,7,0,0.0,2.0,6.0,23.0,D01
200900025431,0,7,0,0.0,2.0,1.0,2.0,A01
200900042044,0,7,0,4.0,2.0,1.0,17.0,A01
200900059734,0,7,0,0.0,2.0,7.0,12.0,A01
200900071336,0,7,0,0.0,2.0,2.0,1.0,A01
200900054616,0,7,0,0.0,0.0,4.0,2.0,B01
200900020278,0,7,0,1.0,2.0,1.0,15.0,A01
200900005580,0,31,0,0.0,2.0,7.0,17.0,A01
200900065572,0,7,0,0.0,2.0,4.0,2.0,A01
200900059776,0,7,0,0.0,2.0,3.0,1.0,A01
200900065797,0,7,0,0.0,0.0,4.0,2.0,C01
200900002483,0,3,0,0.0,1.0,0.0,0.0,A01
200900071823,0,7,0,0.0,2.0,2.0,1.0,A01
200900025404,0,7,0,0.0,2.0,1.0,13.0,A01
200900017640,0,1,0,0.0,2.0,1.0,0.0,B02
200900063533,0,7,0,0.0,2.0,8.0,15.0,B01
200900005408,0,33,0,0.0,2.0,1.0,19.0,A01
200900041042,0,32,0,0.0,0.0,7.0,16.0,A01
200900067396,0,7,0,0.0,2.0,6.0,15.0,A01
200900049107,0,7,0,0.0,2.0,4.0,2.0,C01
200900024940,0,7,0,0.0,2.0,2.0,17.0,A01
200900057057,0,7,0,0.0,2.0,5.0,15.0,B01
200900054803,0,7,0,0.0,2.0,4.0,23.0,B01
200900049068,0,33,0,0.0,2.0,1.0,1.0,B01
200900056498,0,7,0,0.0,1.0,1.0,15.0,A01
200900037465,0,7,0,2.0,0.0,1.0,1.0,A01
200900042330,0,7,0,0.0,0.0,5.0,15.0,B02
200900043631,0,7,0,0.0,1.0,3.0,1.0,A01
200900060004,0,33,0,0.0,2.0,8.0,19.0,A01
200900058908,0,31,0,0.0,2.0,8.0,1.0,B01
200900007181,0,7,0,0.0,2.0,8.0,15.0,A01
200900045305,0,7,0,0.0,2.0,5.0,1.0,A01
200900015237,0,7,0,0.0,2.0,3.0,13.0,A01
200900036247,0,7,0,0.0,2.0,4.0,2.0,B01
200900001816,0,30,0,0.0,2.0,1.0,17.0,B01
200900028603,0,31,0,0.0,2.0,3.0,0.0,B01
200900074143,0,10,0,0.0,2.0,3.0,18.0,B02
200900025280,0,7,0,0.0,2.0,4.0,0.0,C01
200900025793,0,2,0,1.0,0.0,1.0,1.0,A01
200900024701,0,7,0,0.0,2.0,0.0,1.0,B01
200900031984,0,7,0,0.0,2.0,1.0,1.0,B02
200900001645,0,37,11,0.0,1.0,1.0,1.0,A01
200900030676,0,7,0,0.0,2.0,1.0,1.0,B01
200900070484,0,37,10,0.0,2.0,1.0,1.0,A01
200900046265,0,7,0,0.0,9.0,0.0,0.0,B01
200900055343,0,33,0,0.0,2.0,1.0,21.0,B01
200900035334,0,14,0,0.0,2.0,6.0,24.0,A01
200900065206,0,33,0,0.0,2.0,1.0,17.0,A01
200900034751,0,7,0,0.0,2.0,6.0,4.0,A01
200900025225,0,7,0,0.0,2.0,1.0,2.0,A01
200900069184,0,33,0,0.0,1.0,6.0,4.0,A01
200900027960,0,13,0,0.0,9.0,2.0,1.0,A01
200900011318,0,2,0,1.0,0.0,1.0,1.0,B01
200900039439,0,7,0,8.0,0.0,8.0,13.0,A01
200900018885,0,1,0,0.0,2.0,1.0,1.0,A01
200900038443,0,7,0,0.0,2.0,4.0,23.0,B01
200900042243,0,7,0,0.0,0.0,0.0,15.0,A01
200900038307,0,3,0,0.0,2.0,8.0,19.0,B02
200900026961,0,33,0,0.0,2.0,1.0,2.0,A01
200900002513,0,7,0,0.0,2.0,3.0,13.0,A01
200900050200,0,7,0,0.0,2.0,7.0,1.0,B01
200900035215,0,7,0,0.0,1.0,1.0,1.0,A01
200900051610,0,7,0,2.0,0.0,7.0,1.0,A01
200900012369,0,30,0,0.0,2.0,7.0,1.0,A01
200900015514,1,7,0,0.0,2.0,1.0,1.0,A01
200900047546,0,37,0,0.0,1.0,2.0,16.0,A01
200900059566,0,7,0,0.0,2.0,2.0,15.0,A01
200900016976,0,10,0,1.0,0.0,1.0,14.0,A01
200900056920,0,7,0,0.0,2.0,3.0,1.0,B02
200900027008,0,32,0,0.0,2.0,8.0,9.0,B01
200900055150,0,7,0,0.0,2.0,4.0,11.0,B01
200900049588,0,7,0,0.0,2.0,1.0,1.0,B01
200900034762,0,15,0,4.0,0.0,2.0,14.0,A01
200900033444,0,32,0,0.0,0.0,0.0,21.0,B01
200900043414,0,7,0,0.0,2.0,7.0,9.0,A01
200900027015,0,30,0,0.0,1.0,1.0,1.0,A01
200900014211,0,14,0,1.0,1.0,2.0,14.0,A01
200900072958,0,7,0,0.0,2.0,1.0,1.0,B01
200900044421,0,7,0,0.0,2.0,1.0,2.0,C01
200900003927,0,30,0,0.0,2.0,1.0,1.0,C01
200900058835,0,7,0,0.0,1.0,1.0,15.0,A01
200900044549,0,7,0,2.0,2.0,1.0,1.0,A01
200900015422,0,30,0,12.0,0.0,1.0,1.0,A01
200900022558,0,31,0,0.0,2.0,1.0,1.0,A01
200900056620,0,1,0,0.0,2.0,1.0,1.0,B01
200900067782,0,7,0,0.0,2.0,2.0,0.0,A01
200900042790,0,7,0,0.0,2.0,3.0,15.0,B02
200900050175,0,7,0,6.0,0.0,1.0,14.0,A01
200900069240,0,7,0,0.0,2.0,3.0,2.0,A01
200900074575,0,31,0,0.0,2.0,7.0,1.0,A01
200900014375,0,2,0,0.0,1.0,4.0,1.0,A01
200900033509,0,7,0,0.0,0.0,5.0,23.0,B01
200900054923,0,7,0,16.0,0.0,9.0,1.0,A01
200900060042,0,7,0,0.0,2.0,1.0,1.0,A01
200900042874,0,33,0,0.0,2.0,1.0,1.0,A01
200900051511,0,7,0,0.0,2.0,2.0,16.0,B01
200900027715,0,7,0,0.0,2.0,4.0,2.0,B01
200900030810,0,14,0,13.0,0.0,9.0,0.0,A01
200900004530,0,7,0,0.0,2.0,3.0,1.0,B02
200900000660,0,33,0,0.0,2.0,0.0,13.0,A01
200900042697,0,7,0,0.0,2.0,3.0,1.0,B01
200900072601,0,33,0,0.0,2.0,1.0,3.0,B01
200900005007,0,38,12,0.0,1.0,3.0,1.0,A01
200900009976,0,7,0,0.0,2.0,1.0,1.0,B01
200900002997,2,34,0,0.0,1.0,0.0,1.0,Z01
200900010619,0,7,0,0.0,2.0,2.0,1.0,A01
200900073324,0,7,0,0.0,2.0,8.0,0.0,B01
200900040684,0,14,0,0.0,2.0,1.0,2.0,A01
200900013133,0,31,0,0.0,2.0,1.0,15.0,A01
200900066744,0,7,0,0.0,1.0,2.0,1.0,A01
200900005573,0,7,0,0.0,2.0,8.0,1.0,B01
200900009573,0,7,0,4.0,0.0,1.0,1.0,A01
200900061374,0,7,0,0.0,2.0,4.0,2.0,B01
200900040024,0,2,0,0.0,2.0,1.0,9.0,A01
200900034359,0,7,0,0.0,0.0,4.0,23.0,B01
200900037427,0,7,0,0.0,2.0,1.0,1.0,A01
200900042017,0,7,0,9.0,2.0,8.0,11.0,A01
200900027076,0,34,0,0.0,2.0,1.0,1.0,B01
200900025681,0,7,0,0.0,0.0,6.0,15.0,A01
200900031722,0,7,0,0.0,9.0,3.0,1.0,B02
200900025674,0,7,0,0.0,2.0,2.0,15.0,A01
200900012847,0,7,0,0.0,2.0,3.0,5.0,A01
200900056422,0,7,0,0.0,0.0,4.0,0.0,C01
200900011992,0,31,0,0.0,2.0,7.0,1.0,A01
200900033716,0,33,0,0.0,2.0,1.0,0.0,B01
200900069243,0,7,0,0.0,2.0,9.0,2.0,B01
200900000072,0,32,0,0.0,2.0,7.0,17.0,A01
200900005175,0,7,0,0.0,2.0,1.0,1.0,B02
200900020825,0,10,0,0.0,2.0,6.0,23.0,B01
200900012098,0,32,0,0.0,2.0,1.0,1.0,B01
200900005273,0,7,0,0.0,2.0,8.0,19.0,A01
200900037927,0,7,0,0.0,0.0,1.0,24.0,B01
200900017939,0,7,0,0.0,2.0,1.0,1.0,B01
200900064197,0,1,0,0.0,2.0,1.0,1.0,B01
200900026438,0,7,0,0.0,2.0,8.0,1.0,B01
200900039807,0,7,0,0.0,2.0,3.0,15.0,A01
200900065835,0,7,0,0.0,0.0,2.0,2.0,A01
200900024807,0,33,0,0.0,2.0,5.0,5.0,A01
200900054298,0,10,0,0.0,0.0,4.0,23.0,B01
200900041897,0,7,0,0.0,2.0,1.0,1.0,A01
200900006020,0,10,0,0.0,2.0,2.0,17.0,A01
200900050987,0,31,0,0.0,2.0,1.0,1.0,B01
200900018146,0,7,0,0.0,0.0,6.0,1.0,B02
200900071759,0,7,0,0.0,2.0,1.0,1.0,B01
200900039314,0,7,0,0.0,0.0,0.0,1.0,A01
200900043740,0,7,0,1.0,0.0,0.0,1.0,A01
200900053405,0,1,0,0.0,0.0,0.0,0.0,B01
200900018551,0,1,0,0.0,2.0,8.0,19.0,B01
200900023063,0,7,0,0.0,2.0,1.0,1.0,A01
200900007301,0,7,0,0.0,0.0,6.0,0.0,A01
200900008296,0,17,0,0.0,2.0,3.0,1.0,B02
200900066583,0,15,0,0.0,2.0,1.0,15.0,A01
200900066550,0,1,0,0.0,2.0,1.0,2.0,B02
200900037803,0,99,0,0.0,2.0,1.0,19.0,A01
200900010995,0,7,0,0.0,0.0,3.0,0.0,B02
200900041223,0,7,0,0.0,2.0,3.0,17.0,A01
200900004315,0,7,0,0.0,2.0,3.0,5.0,A01
200900000744,0,34,0,0.0,2.0,1.0,1.0,B01
200900043242,0,31,0,0.0,2.0,1.0,3.0,B01
200900031900,0,7,0,0.0,2.0,3.0,1.0,B02
200900061586,0,7,0,0.0,1.0,1.0,13.0,A01
200900052422,0,7,0,14.0,2.0,4.0,0.0,B01
200900012127,0,2,0,0.0,2.0,3.0,1.0,B01
200900058213,0,33,0,0.0,2.0,2.0,2.0,B01
200900001430,0,7,0,0.0,2.0,3.0,2.0,A01
200900046549,0,14,0,0.0,2.0,3.0,15.0,A01
200900045616,0,38,0,0.0,2.0,1.0,1.0,B02
200900053612,0,2,0,0.0,2.0,1.0,1.0,B01
200900026060,0,7,0,0.0,2.0,3.0,1.0,B01
200900016825,0,33,0,0.0,2.0,1.0,17.0,A01
200900072230,0,7,0,0.0,2.0,1.0,1.0,B02
200900046242,0,7,0,0.0,2.0,1.0,15.0,A01
200900024551,0,30,0,0.0,0.0,7.0,1.0,B01
200900002680,0,13,0,0.0,1.0,5.0,1.0,A01
200900043394,0,7,0,0.0,2.0,1.0,15.0,A01
200900063187,0,7,0,0.0,2.0,5.0,16.0,B01
200900022146,0,7,0,0.0,2.0,1.0,1.0,B02
200900050767,0,7,0,0.0,2.0,3.0,1.0,A01
200900022333,0,7,0,0.0,0.0,0.0,9.0,A01
200900039040,0,30,0,0.0,2.0,1.0,16.0,A01
200900060303,0,10,0,0.0,0.0,8.0,1.0,B01
200900007262,0,2,0,12.0,0.0,7.0,1.0,A01
200900035651,0,7,0,13.0,0.0,0.0,1.0,A01
200900048273,0,7,0,0.0,2.0,2.0,16.0,B01
200900032466,0,7,0,0.0,1.0,4.0,4.0,A01
200900033295,0,10,0,0.0,2.0,2.0,2.0,B02
200900037670,0,7,0,0.0,2.0,4.0,21.0,A01
200900018270,0,10,0,0.0,2.0,1.0,2.0,C01
200900021346,0,32,0,0.0,2.0,1.0,17.0,B01
200900030605,0,7,0,0.0,1.0,1.0,1.0,A01
200900009444,0,7,0,0.0,0.0,3.0,0.0,A01
200900009551,0,7,0,13.0,0.0,1.0,1.0,A01
200900056788,0,31,0,0.0,2.0,1.0,15.0,A01
200900050943,0,7,0,0.0,2.0,1.0,2.0,A01
200900074341,0,7,0,0.0,9.0,1.0,0.0,A01
200900006748,0,7,0,0.0,2.0,1.0,15.0,A01
200900057906,1,7,0,1.0,0.0,2.0,2.0,A01
200900014242,0,7,0,0.0,2.0,8.0,15.0,A01
200900017327,0,7,0,0.0,2.0,1.0,2.0,A01
200900035015,0,30,0,0.0,0.0,0.0,1.0,A01
200900002897,0,7,0,0.0,2.0,3.0,15.0,A01